timestamp,question,answer
2024-09-22 03:13:11,suggest technologies good for commercialization,"

Based on the provided context, I would recommend the following technologies for commercialization:

1. **Abaca Fiber Extractor**: This technology has the potential to generate income through the extraction of valuable abaca fibers from strips of tuxy. With its unique features, it could cater to industries such as textile manufacturing, paper production, and more.
2. **Automated Guideway Transit (AGT) Systems**: As an alternative mass transportation solution, AGT systems have the potential to revolutionize urban mobility while reducing environmental impact. Its electric power source and driverless operation make it an attractive option for cities looking to modernize their public transportation systems.
3. **Abaca-Reinforced Composite Production Technology**: By combining abaca fibers with resin, this technology creates a lightweight, eco-friendly material ideal for various applications like roofing and vehicle construction. Its market demand is likely high due to growing concerns about sustainability and environmental protection.
4. **Biomass-Fired Steam Kettle**: This innovative design addresses the needs of small-scale farmers who require efficient methods for concentrating coconut water. Its simplicity and cost-effectiveness make it a viable solution for rural communities.

These technologies have shown promise in terms of innovation, practicality, and market potential. Further evaluation and refinement may be necessary to ensure successful commercialization, but they appear to be strong candidates for consideration."
2024-09-22 18:08:51,tell me about the biomass kettle,"

There is no mention of a ""biomass kettle"" in the provided context. However, there is a description of a ""Greenhouse-type Solar Dryer Retrofitted with Biomass Furnace"" which seems related to biomass processing, but it's primarily focused on drying coffee beans rather than being a kettle."
